{
	"info": {
		"_postman_id": "460ba307-751f-4791-ba3e-7ad038fb0218",
		"name": "department_Collection",
		"schema": "https://schema.getpostman.com/json/collection/v2.1.0/collection.json"
	},
	"item": [
		{
			"name": "GETdepartment",
			"request": {
				"method": "GET",
				"header": [],
				"url": {
					"raw": "http://49.233.189.50:8080/JW_201802104068_24/department.ctl",
					"protocol": "http",
					"host": [
						"49",
						"233",
						"189",
						"50"
					],
					"port": "8080",
					"path": [
						"JW_201802104068_24",
						"department.ctl"
					]
				}
			},
			"response": []
		},
		{
			"name": "DELETEdepartment",
			"request": {
				"method": "DELETE",
				"header": [],
				"url": {
					"raw": "http://49.233.189.50:8080/JW_201802104068_24/department.ctl?id=3",
					"protocol": "http",
					"host": [
						"49",
						"233",
						"189",
						"50"
					],
					"port": "8080",
					"path": [
						"JW_201802104068_24",
						"department.ctl"
					],
					"query": [
						{
							"key": "id",
							"value": "3"
						}
					]
				}
			},
			"response": []
		},
		{
			"name": "POSTdepartment",
			"request": {
				"method": "POST",
				"header": [
					{
						"key": "Content-Type",
						"name": "Content-Type",
						"value": "application/json",
						"type": "text"
					}
				],
				"body": {
					"mode": "raw",
					"raw": "{\r\n        \"description\": \"信息管理\",\r\n        \"no\": \"01\",\r\n        \"remarks\": \"best\",\r\n        \"school\": {\r\n            \"description\": \"管理学院\",\r\n            \"id\": 1,\r\n            \"no\": \"22\"\r\n        }\r\n    }",
					"options": {
						"raw": {
							"language": "json"
						}
					}
				},
				"url": {
					"raw": "http://49.233.189.50:8080/JW_201802104068_24/department.ctl",
					"protocol": "http",
					"host": [
						"49",
						"233",
						"189",
						"50"
					],
					"port": "8080",
					"path": [
						"JW_201802104068_24",
						"department.ctl"
					]
				}
			},
			"response": []
		},
		{
			"name": "PUTdepartment",
			"request": {
				"method": "PUT",
				"header": [
					{
						"key": "Content-Type",
						"name": "Content-Type",
						"value": "application/json",
						"type": "text"
					}
				],
				"body": {
					"mode": "raw",
					"raw": "{\r\n        \"description\": \"信管\",\r\n        \"id\": 3,\r\n        \"no\": \"02\",\r\n        \"remarks\": \"best\",\r\n        \"school\": {\r\n            \"description\": \"管理学院\",\r\n            \"id\": 1,\r\n            \"no\": \"22\"\r\n        }\r\n    }",
					"options": {
						"raw": {
							"language": "json"
						}
					}
				},
				"url": {
					"raw": "http://49.233.189.50:8080/JW_201802104068_24/department.ctl",
					"protocol": "http",
					"host": [
						"49",
						"233",
						"189",
						"50"
					],
					"port": "8080",
					"path": [
						"JW_201802104068_24",
						"department.ctl"
					]
				}
			},
			"response": []
		}
	],
	"protocolProfileBehavior": {}
}